<?xml version="1.0" encoding="UTF-8" standalone="yes"?>
<addon id="repository.elevatestream" name="ElevateStream Repo" provider-name="ElevateStream" version="1.0.0">
  <extension point="xbmc.addon.repository" name="ElevateStream Repo">
    <dir>
      <info compressed="false">https://raw.githubusercontent.com/elevatestreaming/Elevate_Stream_Repo/master/addons.xml</info>
      <checksum>https://raw.githubusercontent.com/elevatestreaming/Elevate_Stream_Repo/master/addons.xml.md5</checksum>
      <datadir zip="true">https://raw.githubusercontent.com/elevatestreaming/Elevate_Stream_Repo/master/zips/</datadir>
    </dir>
  </extension>
  <extension point="xbmc.addon.metadata">
    <platform>all</platform>
    <description lang="en_GB">best addons repo</description>
    <license></license>
    <language></language>
    <website></website>
    <news></news>
    <assets>
      <icon>icon.png</icon>
      <fanart>fanart.jpg</fanart>
    </assets> 
  </extension>
</addon>